recorded_nomorPBS,recorded_namaAset,records,pbsCanonical,subsistemCanonical,namaAsetCanonical,unitLabel,note
1.1.1,Tanur,7,1.1.1,Struktur dan Lining Tanur,Tanur,,
1.1.1,Tanur A Kapasitas 10 Ton,1,1.1.1,Struktur dan Lining Tanur,Tanur,A 10 Ton,
1.1.1,Tanur A Kapasitas 15 Ton,1,1.1.1,Struktur dan Lining Tanur,Tanur,A 15 Ton,
1.1.1,Tanur A Kapasitas 18 Ton,1,1.1.1,Struktur dan Lining Tanur,Tanur,A 18 Ton,
1.1.1,Tanur A Kapasitas 20 Ton,1,1.1.1,Struktur dan Lining Tanur,Tanur,A 20 Ton,
1.1.1,Tanur B  Kapasitas 18 Ton,1,1.1.1,Struktur dan Lining Tanur,Tanur,B 18 Ton,
1.1.1,Tanur B Kapasitas 10 Ton,1,1.1.1,Struktur dan Lining Tanur,Tanur,B 10 Ton,
1.1.1,Tanur B Kapasitas 18 Ton,1,1.1.1,Struktur dan Lining Tanur,Tanur,B 18 Ton,
1.1.1,Tanur B Kapasitas 20 Ton,1,1.1.1,Struktur dan Lining Tanur,Tanur,B 20 Ton,
1.1.1,Tanur C Kapasitas 20 Ton,1,1.1.1,Struktur dan Lining Tanur,Tanur,C 20 Ton,
1.1.1,Tanur Reverb Kapaistas 20 Ton,1,1.1.1,Struktur dan Lining Tanur,Tanur,Reverb 20 Ton,
1.1.2,Furnace Roof Tanur A,2,1.1.2,Struktur dan Lining Tanur,Tutup Tanur,Furnace Roof A,
1.1.2,Furnace Roof Tanur B,2,1.1.2,Struktur dan Lining Tanur,Tutup Tanur,Furnace Roof B,
1.1.2,Tutup Tanur,9,1.1.2,Struktur dan Lining Tanur,Tutup Tanur,,
1.2.1,Seattle Bawah Tanur,7,1.2.1,Sistem Penanganan Gas Buang dan Debu,Seattle Bawah Tanur,,
1.2.1,Settle Box 1 Tanur A,3,1.2.1,Sistem Penanganan Gas Buang dan Debu,Seattle Bawah Tanur,Settle Box 1 A,
1.2.1,Settle Box 1 Tanur B,4,1.2.1,Sistem Penanganan Gas Buang dan Debu,Seattle Bawah Tanur,Settle Box 1 B,
1.2.1,Settle Box 1 Tanur C,1,1.2.1,Sistem Penanganan Gas Buang dan Debu,Seattle Bawah Tanur,Settle Box 1 C,
1.2.1,Settle Box Tanur A,1,1.2.1,Sistem Penanganan Gas Buang dan Debu,Seattle Bawah Tanur,Settle Box A,
1.2.2,Seattle Atas Tanur,7,1.2.2,Sistem Penanganan Gas Buang dan Debu,Seattle Atas Tanur,,
1.2.3,Dust Collector,11,1.2.3,Sistem Penanganan Gas Buang dan Debu,Dust Collector,,
1.2.3,Dust Collector System Tanur A,1,1.2.3,Sistem Penanganan Gas Buang dan Debu,Dust Collector,System Tanur A,
1.2.3,Dust Collector System Tanur B,1,1.2.3,Sistem Penanganan Gas Buang dan Debu,Dust Collector,System Tanur B,
1.2.3,Dust Collector Tanur C,1,1.2.3,Sistem Penanganan Gas Buang dan Debu,Dust Collector,Tanur C,
1.2.4,Bag House,14,1.2.4,Sistem Penanganan Gas Buang dan Debu,Bag House,,
1.2.4,Bag House Tanur A,1,1.2.4,Sistem Penanganan Gas Buang dan Debu,Bag House,Tanur A,
1.2.4,Bag House Tanur B,1,1.2.4,Sistem Penanganan Gas Buang dan Debu,Bag House,Tanur B,
1.2.5,Blower Hisap,2,1.2.5,Sistem Penanganan Gas Buang dan Debu,Blower Hisap,,
1.2.6,Stack / Cerobong,10,1.2.6,Sistem Penanganan Gas Buang dan Debu,Stack / Cerobong,,
1.2.6,Stack/Cerobong Tanur A,4,1.2.6,Sistem Penanganan Gas Buang dan Debu,Stack / Cerobong,Tanur A,
1.2.6,Stack/Cerobong Tanur B,4,1.2.6,Sistem Penanganan Gas Buang dan Debu,Stack / Cerobong,Tanur B,
1.2.6,Stack/Cerobong Tanur C,1,1.2.6,Sistem Penanganan Gas Buang dan Debu,Stack / Cerobong,Tanur C,
1.3.1,Motor Gearbox Stang Elektroda,7,1.3.1,Sistem Elektroda,Motor Gearbox Stang Elektroda,,
1.3.1,Motor Winc Stang Elecroda 1 Tanur A,1,1.3.1,Sistem Elektroda,Motor Gearbox Stang Elektroda,Winc 1 Tanur A,
1.3.1,Motor Winc Stang Elecroda 2 Tanur A,1,1.3.1,Sistem Elektroda,Motor Gearbox Stang Elektroda,Winc 2 Tanur A,
1.3.1,Motor Winc Stang Elecroda 3 Tanur A,1,1.3.1,Sistem Elektroda,Motor Gearbox Stang Elektroda,Winc 3 Tanur A,
1.3.1,Motorgearbox Stang Elecroda 1 Tanur A,3,1.3.1,Sistem Elektroda,Motor Gearbox Stang Elektroda,Motorgearbox 1 Tanur A,
1.3.1,Motorgearbox Stang Elecroda 1 Tanur B,4,1.3.1,Sistem Elektroda,Motor Gearbox Stang Elektroda,Motorgearbox 1 Tanur B,
1.3.1,Motorgearbox Stang Elecroda 1 Tanur C,1,1.3.1,Sistem Elektroda,Motor Gearbox Stang Elektroda,Motorgearbox 1 Tanur C,
1.3.1,Motorgearbox Stang Elecroda 2 Tanur A,3,1.3.1,Sistem Elektroda,Motor Gearbox Stang Elektroda,Motorgearbox 2 Tanur A,
1.3.1,Motorgearbox Stang Elecroda 2 Tanur B,4,1.3.1,Sistem Elektroda,Motor Gearbox Stang Elektroda,Motorgearbox 2 Tanur B,
1.3.1,Motorgearbox Stang Elecroda 2 Tanur C,1,1.3.1,Sistem Elektroda,Motor Gearbox Stang Elektroda,Motorgearbox 2 Tanur C,
1.3.1,Motorgearbox Stang Elecroda 3 Tanur A,3,1.3.1,Sistem Elektroda,Motor Gearbox Stang Elektroda,Motorgearbox 3 Tanur A,
1.3.1,Motorgearbox Stang Elecroda 3 Tanur B,4,1.3.1,Sistem Elektroda,Motor Gearbox Stang Elektroda,Motorgearbox 3 Tanur B,
1.3.1,Motorgearbox Stang Elecroda 3 Tanur C,1,1.3.1,Sistem Elektroda,Motor Gearbox Stang Elektroda,Motorgearbox 3 Tanur C,
1.3.2,Electrode Holder dan Contact Shoe,11,1.3.2,Sistem Elektroda,Electrode Holder dan Contact Shoe,,
1.4.1,Hoist Crane,15,1.4.1,Sistem Feeding / Charging,Hoist Crane,,
1.4.1,Hoistcrane 2 Ton 3,1,1.4.1,Sistem Feeding / Charging,Hoist Crane,2 Ton 3,
1.4.1,Hoistcrane 2.5 Ton 3.1,1,1.4.1,Sistem Feeding / Charging,Hoist Crane,2.5 Ton 3.1,
1.4.1,Hoistcrane 3 Ton Gudang,1,1.4.1,Sistem Feeding / Charging,Hoist Crane,3 Ton Gudang,
1.4.1,Hoistcrane 5 Ton 1,2,1.4.1,Sistem Feeding / Charging,Hoist Crane,5 Ton 1,
1.4.1,Hoistcrane 5 Ton 2,2,1.4.1,Sistem Feeding / Charging,Hoist Crane,5 Ton 2,
1.4.1,Hoistcrane 5 Ton Tanur 1,1,1.4.1,Sistem Feeding / Charging,Hoist Crane,5 Ton Tanur 1,
1.4.1,Hoistcrane 5 Ton Tanur Bawah,1,1.4.1,Sistem Feeding / Charging,Hoist Crane,5 Ton Tanur Bawah,
1.5.1,Trafo Step Down 1250 Kva 400v Tanur A,1,1.5.1,Sistem Daya Tanur,Trafo Step Down Tanur,1250 Kva 400v A,
1.5.1,Trafo Step Down 1250 Kva 400v Tanur B,1,1.5.1,Sistem Daya Tanur,Trafo Step Down Tanur,1250 Kva 400v B,
1.5.1,Trafo Step Down 800 Kva 400v - 110v Tanur C,1,1.5.1,Sistem Daya Tanur,Trafo Step Down Tanur,800 Kva 400v 110v C,
1.5.1,Trafo Step Down 800kva 20kv - 110v Tanur A,1,1.5.1,Sistem Daya Tanur,Trafo Step Down Tanur,800kva 20kv 110v A,
1.5.1,Trafo Step Down 800kva 20kv - 110v Tanur B,1,1.5.1,Sistem Daya Tanur,Trafo Step Down Tanur,800kva 20kv 110v B,
1.5.1,Trafo Step Down Tanur,14,1.5.1,Sistem Daya Tanur,Trafo Step Down Tanur,,
1.5.1,Trafo Tanur 400v Tanur B,1,1.5.1,Sistem Daya Tanur,Trafo Step Down Tanur,400v B,
1.5.1,Trafo Tanur Tanur A,2,1.5.1,Sistem Daya Tanur,Trafo Step Down Tanur,A,
1.5.1,Trafo Tanur Tanur B,1,1.5.1,Sistem Daya Tanur,Trafo Step Down Tanur,B,
1.3.3,Cubicle 20 kV Tanur A,1,1.5.2,Sistem Daya Tanur,Cubicle Sistem Daya Tanur,Cubicle 20 kV Tanur A,merged from 1.3.3
1.3.6,Cubicle 20 kV Tanur B,1,1.5.2,Sistem Daya Tanur,Cubicle Sistem Daya Tanur,Cubicle 20 kV Tanur B,merged from 1.3.6
1.3.9,Cubicle 20 kV Tanur C,1,1.5.2,Sistem Daya Tanur,Cubicle Sistem Daya Tanur,Cubicle 20 kV Tanur C,merged from 1.3.9
1.3.12,Cubicle 20 kV Tanur D,1,1.5.2,Sistem Daya Tanur,Cubicle Sistem Daya Tanur,Cubicle 20 kV Tanur D,merged from 1.3.12
1.3.15,Cubicle 20 kV Tanur E,1,1.5.2,Sistem Daya Tanur,Cubicle Sistem Daya Tanur,Cubicle 20 kV Tanur E,merged from 1.3.15
1.5.2,Cubicle Sistem Daya Tanur,2,1.5.2,Sistem Daya Tanur,Cubicle Sistem Daya Tanur,,
1.5.2,Kubikel Switchgear 20kv Tanur A,1,1.5.2,Sistem Daya Tanur,Cubicle Sistem Daya Tanur,Switchgear 20kv A,
1.5.2,Kubikel Switchgear 20kv Tanur B,1,1.5.2,Sistem Daya Tanur,Cubicle Sistem Daya Tanur,Switchgear 20kv B,
1.5.2,Kubikel Switchgear 20kv Tanur C,1,1.5.2,Sistem Daya Tanur,Cubicle Sistem Daya Tanur,Switchgear 20kv C,
1.5.2,Panel ACB - Tanur 1,1,1.5.2,Sistem Daya Tanur,Cubicle Sistem Daya Tanur,Panel Acb 1,
1.5.2,Panel ACB - Tanur 2,1,1.5.2,Sistem Daya Tanur,Cubicle Sistem Daya Tanur,Panel Acb 2,
1.5.2,Panel ACB Trafo  Tanur A,1,1.5.2,Sistem Daya Tanur,Cubicle Sistem Daya Tanur,Panel Acb Trafo A,
1.5.2,Panel ACB Trafo Tanur A,1,1.5.2,Sistem Daya Tanur,Cubicle Sistem Daya Tanur,Panel Acb Trafo A,
1.5.2,Panel ACB Trafo Tanur B,1,1.5.2,Sistem Daya Tanur,Cubicle Sistem Daya Tanur,Panel Acb Trafo B,
1.5.2,Panel ACB Trafo Tanur Tanur B,1,1.5.2,Sistem Daya Tanur,Cubicle Sistem Daya Tanur,Panel Acb Trafo B,
1.5.2,Panel Kubikel Trafo Tanur A,1,1.5.2,Sistem Daya Tanur,Cubicle Sistem Daya Tanur,Panel Trafo A,
1.5.2,Panel Kubikel Trafo Tanur B,1,1.5.2,Sistem Daya Tanur,Cubicle Sistem Daya Tanur,Panel Trafo B,
1.5.3,Busbar / Bus Tube / Flexible Cable,16,1.5.3,Sistem Daya Tanur,Busbar / Bus Tube / Flexible Cable,,
1.5.3,Busbar Electroda 1 Tanur A,1,1.5.3,Sistem Daya Tanur,Busbar / Bus Tube / Flexible Cable,Electroda 1 Tanur A,
1.5.3,Busbar Electroda 1 Tanur B,1,1.5.3,Sistem Daya Tanur,Busbar / Bus Tube / Flexible Cable,Electroda 1 Tanur B,
1.5.3,Busbar Electroda 2 Tanur A,1,1.5.3,Sistem Daya Tanur,Busbar / Bus Tube / Flexible Cable,Electroda 2 Tanur A,
1.5.3,Busbar Electroda 2 Tanur B,1,1.5.3,Sistem Daya Tanur,Busbar / Bus Tube / Flexible Cable,Electroda 2 Tanur B,
1.5.3,Busbar Electroda 3 Tanur A,1,1.5.3,Sistem Daya Tanur,Busbar / Bus Tube / Flexible Cable,Electroda 3 Tanur A,
1.5.3,Busbar Electroda 3 Tanur B,1,1.5.3,Sistem Daya Tanur,Busbar / Bus Tube / Flexible Cable,Electroda 3 Tanur B,
1.6.1,Consule Tanur A,1,1.6.1,Sistem Kontrol dan Instrumentasi,Panel Consule Control,Tanur A,
1.6.1,Consule Tanur B,1,1.6.1,Sistem Kontrol dan Instrumentasi,Panel Consule Control,Tanur B,
1.6.1,Panel Consule Control,15,1.6.1,Sistem Kontrol dan Instrumentasi,Panel Consule Control,,
1.7.1,Water Jacket,5,1.7.1,Sistem Pendinginan Air,Water Jacket,,
1.7.2,Water Box,6,1.7.2,Sistem Pendinginan Air,Water Box,,
1.7.2,Water Box Tanur A,4,1.7.2,Sistem Pendinginan Air,Water Box,Tanur A,
1.7.2,Water Box Tanur B,3,1.7.2,Sistem Pendinginan Air,Water Box,Tanur B,
1.7.3,Pompa Sirkulasi Tanur A,1,1.7.3,Sistem Pendinginan Air,Pompa sirkulasi,Tanur A,
1.7.3,Pompa sirkulasi,5,1.7.3,Sistem Pendinginan Air,Pompa sirkulasi,,
1.8.1,Pneumatic system,5,1.8.1,Sistem Udara Bertekanan dan Sirkulasi Udara,Pneumatic system,,
1.8.1,System Pneumatic Tanur A,4,1.8.1,Sistem Udara Bertekanan dan Sirkulasi Udara,Pneumatic system,Tanur A,
1.8.1,System Pneumatic Tanur B,4,1.8.1,Sistem Udara Bertekanan dan Sirkulasi Udara,Pneumatic system,Tanur B,
1.8.1,System Pneumatic Tanur C,1,1.8.1,Sistem Udara Bertekanan dan Sirkulasi Udara,Pneumatic system,Tanur C,
1.8.2,Blower Tiup,1,1.8.2,Sistem Udara Bertekanan dan Sirkulasi Udara,Blower Tiup,,
1.9.2,Tapping Launder / Spout,11,1.9.2,Sistem Tapping Logam dan Slag,Tapping Launder / Spout,,
1.10.1,Prisma Pot,1,1.10.1,Sistem Penanganan Logam dan Slag Cair,Prisma Pot,,
1.10.2,Slag Caster,1,1.10.2,Sistem Penanganan Logam dan Slag Cair,Slag Caster,,
2.1.1,KETEL / Kuali 1,3,2.1.1,"Sistem Refining Pot, Pengadukan, dan Transfer Timah",Ketel,Kuali 1,
2.1.1,KETEL / Kuali 2,3,2.1.1,"Sistem Refining Pot, Pengadukan, dan Transfer Timah",Ketel,Kuali 2,
2.1.1,KETEL / Kuali 20 ton 1,1,2.1.1,"Sistem Refining Pot, Pengadukan, dan Transfer Timah",Ketel,Kuali 20 Ton 1,
2.1.1,KETEL / Kuali 20 ton 2,1,2.1.1,"Sistem Refining Pot, Pengadukan, dan Transfer Timah",Ketel,Kuali 20 Ton 2,
2.1.1,KETEL / Kuali 20 ton 3,1,2.1.1,"Sistem Refining Pot, Pengadukan, dan Transfer Timah",Ketel,Kuali 20 Ton 3,
2.1.1,KETEL / Kuali 50 ton 1,1,2.1.1,"Sistem Refining Pot, Pengadukan, dan Transfer Timah",Ketel,Kuali 50 Ton 1,
2.1.1,KETEL / Kuali 50 ton 2,1,2.1.1,"Sistem Refining Pot, Pengadukan, dan Transfer Timah",Ketel,Kuali 50 Ton 2,
2.1.1,KETEL / Kuali 50 ton 3,1,2.1.1,"Sistem Refining Pot, Pengadukan, dan Transfer Timah",Ketel,Kuali 50 Ton 3,
2.1.1,KETEL / Kuali 50 ton 4,1,2.1.1,"Sistem Refining Pot, Pengadukan, dan Transfer Timah",Ketel,Kuali 50 Ton 4,
2.1.1,KETEL / Kuali 50 ton 5,1,2.1.1,"Sistem Refining Pot, Pengadukan, dan Transfer Timah",Ketel,Kuali 50 Ton 5,
2.1.1,KETEL 1,3,2.1.1,"Sistem Refining Pot, Pengadukan, dan Transfer Timah",Ketel,1,
2.1.1,KETEL 2,1,2.1.1,"Sistem Refining Pot, Pengadukan, dan Transfer Timah",Ketel,2,
2.1.1,KETEL 4B 50ton,1,2.1.1,"Sistem Refining Pot, Pengadukan, dan Transfer Timah",Ketel,4b 50ton,
2.1.1,Ketel,11,2.1.1,"Sistem Refining Pot, Pengadukan, dan Transfer Timah",Ketel,,
2.1.3,Dudukan Mixer Pot Refining,1,2.1.3,"Sistem Refining Pot, Pengadukan, dan Transfer Timah",Dudukan Mixer Pot Refining,,
2.1.5,Pompa Timah,17,2.1.5,"Sistem Refining Pot, Pengadukan, dan Transfer Timah",Pompa Timah,,
2.1.5,Tin Pumpt,3,2.1.5,"Sistem Refining Pot, Pengadukan, dan Transfer Timah",Pompa Timah,Tin Pump,
2.1.6,"Mixer / Agitator Pot Refining (motor, shaft, dan impeller)",3,2.1.6,"Sistem Refining Pot, Pengadukan, dan Transfer Timah","Mixer / Agitator Pot Refining (motor, shaft, dan impeller)",,
2.2.1,Crystallizer 1,1,2.2.1,Sistem Crystallizer,Pot Crystallizer,1,
2.2.1,Crystallizer 2,1,2.2.1,Sistem Crystallizer,Pot Crystallizer,2,
2.2.1,POT 1,1,2.2.1,Sistem Crystallizer,Pot Crystallizer,1,
2.2.1,POT 2,1,2.2.1,Sistem Crystallizer,Pot Crystallizer,2,
2.2.1,Screw atau Blitz Crystallizer,10,2.2.1,Sistem Crystallizer,Pot Crystallizer,Screw Atau Blitz,
2.2.2,Motor Gearbox Crystallizer,9,2.2.2,Sistem Crystallizer,Motor Gearbox Crystallizer,,
2.2.3,Motor Gearbox Screw Crystallizer,4,2.2.3,Sistem Crystallizer,Motor Gearbox Screw Crystallizer,,
2.3.1,Cetakan Ingot,1,2.3.1,Sistem Casting dan Pembentukan Ingot,Wadah Cetak Ingot,Cetakan,
2.3.1,Wadah Cetak Ingot,6,2.3.1,Sistem Casting dan Pembentukan Ingot,Wadah Cetak Ingot,,
2.3.5,Talang Casting,3,2.3.5,Sistem Casting dan Pembentukan Ingot,Talang Casting,,
2.3.6,POT Casting,3,2.3.6,Sistem Casting dan Pembentukan Ingot,Pot Casting / Holding Kettle,,
2.3.6,POT Casting 50 Ton 1,1,2.3.6,Sistem Casting dan Pembentukan Ingot,Pot Casting / Holding Kettle,50 Ton 1,
2.3.6,POT Casting 50 Ton 2,1,2.3.6,Sistem Casting dan Pembentukan Ingot,Pot Casting / Holding Kettle,50 Ton 2,
2.3.6,Pot Casting / Holding Kettle,4,2.3.6,Sistem Casting dan Pembentukan Ingot,Pot Casting / Holding Kettle,,
2.4.1,Electrical Burner – Refining,3,2.4.1,Sistem Pemanasan dan Burner,Electrical Burner – Refining,,
2.4.1,Superheater KETEL 1,5,2.4.1,Sistem Pemanasan dan Burner,Electrical Burner – Refining,Superheater Ketel 1,
2.4.1,Superheater KETEL 2,4,2.4.1,Sistem Pemanasan dan Burner,Electrical Burner – Refining,Superheater Ketel 2,
2.4.1,Superheater KETEL 20 ton 1,1,2.4.1,Sistem Pemanasan dan Burner,Electrical Burner – Refining,Superheater Ketel 20 Ton 1,
2.4.1,Superheater KETEL 20 ton 2,1,2.4.1,Sistem Pemanasan dan Burner,Electrical Burner – Refining,Superheater Ketel 20 Ton 2,
2.4.1,Superheater KETEL 20 ton 3,1,2.4.1,Sistem Pemanasan dan Burner,Electrical Burner – Refining,Superheater Ketel 20 Ton 3,
2.4.1,Superheater KETEL 50 ton 1,1,2.4.1,Sistem Pemanasan dan Burner,Electrical Burner – Refining,Superheater Ketel 50 Ton 1,
2.4.1,Superheater KETEL 50 ton 2,1,2.4.1,Sistem Pemanasan dan Burner,Electrical Burner – Refining,Superheater Ketel 50 Ton 2,
2.4.1,Superheater KETEL 50 ton 3,1,2.4.1,Sistem Pemanasan dan Burner,Electrical Burner – Refining,Superheater Ketel 50 Ton 3,
2.4.1,Superheater KETEL 50 ton 4,1,2.4.1,Sistem Pemanasan dan Burner,Electrical Burner – Refining,Superheater Ketel 50 Ton 4,
2.4.1,Superheater KETEL 50 ton 5,1,2.4.1,Sistem Pemanasan dan Burner,Electrical Burner – Refining,Superheater Ketel 50 Ton 5,
2.4.1,Superheater Ketel 1,1,2.4.1,Sistem Pemanasan dan Burner,Electrical Burner – Refining,Superheater Ketel 1,
2.4.1,Superheater Ketel 2,1,2.4.1,Sistem Pemanasan dan Burner,Electrical Burner – Refining,Superheater Ketel 2,
2.4.2,Electrical Burner – Crystallizer,6,2.4.2,Sistem Pemanasan dan Burner,Electrical Burner – Crystallizer,,
2.4.2,Superheater KETEL 1,1,2.4.2,Sistem Pemanasan dan Burner,Electrical Burner – Crystallizer,Superheater Ketel 1,
2.4.3,Burner – Flame Oven,3,2.4.3,Sistem Pemanasan dan Burner,Burner – Flame Oven,,
2.4.3,Superheater,2,2.4.3,Sistem Pemanasan dan Burner,Burner – Flame Oven,Superheater,
2.4.3,Superheater 1,2,2.4.3,Sistem Pemanasan dan Burner,Burner – Flame Oven,Superheater 1,
2.4.3,Superheater 2,2,2.4.3,Sistem Pemanasan dan Burner,Burner – Flame Oven,Superheater 2,
2.4.3,Superheater F.O Refining,1,2.4.3,Sistem Pemanasan dan Burner,Burner – Flame Oven,Superheater f.o Refining,
2.4.3,Superheater F.O Tanur,1,2.4.3,Sistem Pemanasan dan Burner,Burner – Flame Oven,Superheater f.o Tanur,
2.4.3,Superheater Tanur 1,2,2.4.3,Sistem Pemanasan dan Burner,Burner – Flame Oven,Superheater Tanur 1,
2.4.3,Superheater Tanur 2,1,2.4.3,Sistem Pemanasan dan Burner,Burner – Flame Oven,Superheater Tanur 2,
2.5.4,Sistem Pneumatic,2,2.5.4,"Sistem Gas Handling, Ventilasi, dan Dust Collection",Pneumatic System Refining,Sistem,
2.5.5,Bag House Refining,4,2.5.5,"Sistem Gas Handling, Ventilasi, dan Dust Collection",Bag House Refining,,
2.5.5,Dust Collector,1,2.5.5,"Sistem Gas Handling, Ventilasi, dan Dust Collection",Bag House Refining,Dust Collector,
2.5.6,Blower Hisap Bag House Refining,1,2.5.6,"Sistem Gas Handling, Ventilasi, dan Dust Collection",Blower Hisap Bag House Refining,,
2.5.11,Bag House Flame Oven,1,2.5.11,"Sistem Gas Handling, Ventilasi, dan Dust Collection",Bag House Flame Oven,,
2.5.14,Ducting,1,2.5.14,"Sistem Gas Handling, Ventilasi, dan Dust Collection",Hood dan Ducting Penangkap Fume,,
2.5.14,Hood dan Ducting Penangkap Fume,8,2.5.14,"Sistem Gas Handling, Ventilasi, dan Dust Collection",Hood dan Ducting Penangkap Fume,,
2.5.15,Stack / Cerobong,1,2.5.15,"Sistem Gas Handling, Ventilasi, dan Dust Collection",Stack / Cerobong,,
2.5.15,Stack/Cerobong,6,2.5.15,"Sistem Gas Handling, Ventilasi, dan Dust Collection",Stack / Cerobong,,
2.5.16,Cyclone - Pemurnian,1,2.5.16,"Sistem Gas Handling, Ventilasi, dan Dust Collection",Cyclone - Pemurnian,,
2.6.1,Pompa Air Pendingin Pot Casting,1,2.6.1,Sistem Pendinginan Air,Pompa Air Pendingin Pot Casting,,
12.1.5,Cooling Tower,3,2.6.2,Sistem Pendinginan Air,Tower Tandon Air – Refining/Casting,Cooling Tower,merged from 12.1.5
2.6.2,Cooling Tower Tanur A,2,2.6.2,Sistem Pendinginan Air,Tower Tandon Air – Refining/Casting,Cooling Tanur A,
2.6.2,Cooling Tower Tanur B,2,2.6.2,Sistem Pendinginan Air,Tower Tandon Air – Refining/Casting,Cooling Tanur B,
2.6.2,Tower Tandon Air – Refining/Casting,1,2.6.2,Sistem Pendinginan Air,Tower Tandon Air – Refining/Casting,,
2.6.3,Sirkulasi Air,1,2.6.3,Sistem Pendinginan Air,Sirkulasi Air,,
2.6.5,Mesin Pompa Air Pendingin Crystallizer & Casting,2,2.6.5,Sistem Pendinginan Air,Mesin Pompa Air Pendingin Crystallizer & Casting,,
2.7.1,Panel Electrical Refining,6,2.7.1,"Sistem Kelistrikan, Kontrol, Instrumentasi, dan Interlock",Panel Electrical Refining,,
2.7.1,Panel Kontrol,2,2.7.1,"Sistem Kelistrikan, Kontrol, Instrumentasi, dan Interlock",Panel Electrical Refining,Kontrol,
2.7.1,Panel Refining,1,2.7.1,"Sistem Kelistrikan, Kontrol, Instrumentasi, dan Interlock",Panel Electrical Refining,,
2.7.2,Panel Thermocouple Pot Refining,1,2.7.2,"Sistem Kelistrikan, Kontrol, Instrumentasi, dan Interlock",Panel Thermocouple Pot Refining,,
2.7.3,Panel Electrical Crsytallizer 1,2,2.7.3,"Sistem Kelistrikan, Kontrol, Instrumentasi, dan Interlock",Panel Electrical Crystallizer,Crsytallizer 1,
2.7.3,Panel Electrical Crsytallizer 2,1,2.7.3,"Sistem Kelistrikan, Kontrol, Instrumentasi, dan Interlock",Panel Electrical Crystallizer,Crsytallizer 2,
2.7.3,Panel Electrical Crystallizer,5,2.7.3,"Sistem Kelistrikan, Kontrol, Instrumentasi, dan Interlock",Panel Electrical Crystallizer,,
2.7.3,Panel Electrical Crystallizer 1,1,2.7.3,"Sistem Kelistrikan, Kontrol, Instrumentasi, dan Interlock",Panel Electrical Crystallizer,1,
2.8.1,Hoist Crane 10/5 Ton 1 Refining,1,2.8.1,"Sistem Pengangkatan, Platform, dan Akses",Hoist Crane – Refining,10 5 Ton 1,
2.8.1,Hoist Crane – Refining,4,2.8.1,"Sistem Pengangkatan, Platform, dan Akses",Hoist Crane – Refining,,
2.8.1,Hoistcrane 5 Ton Refining,1,2.8.1,"Sistem Pengangkatan, Platform, dan Akses",Hoist Crane – Refining,5 Ton,
2.8.2,Platform Refining,4,2.8.2,"Sistem Pengangkatan, Platform, dan Akses",Lantai Atas Refining,Platform,
2.8.3,Hoist Crane – Crystallizer,4,2.8.3,"Sistem Pengangkatan, Platform, dan Akses",Hoist Crane – Crystallizer,,
2.8.3,Hoistcrane 3 Ton Crystalizer,1,2.8.3,"Sistem Pengangkatan, Platform, dan Akses",Hoist Crane – Crystallizer,3 Ton Crystalizer,
2.8.4,Hoist Crane – Casting,2,2.8.4,"Sistem Pengangkatan, Platform, dan Akses",Hoist Crane – Casting,,
2.8.7,Hoist Crane – Gudang Ingot,1,2.8.7,"Sistem Pengangkatan, Platform, dan Akses",Hoist Crane – Gudang Ingot,,
2.9.1,Mixer,7,2.9.1,Persiapan Komposisi / Bahan Tambahan,Mixer,,
2.9.1,Mixer 1,6,2.9.1,Persiapan Komposisi / Bahan Tambahan,Mixer,1,
2.9.1,Mixer 2,1,2.9.1,Persiapan Komposisi / Bahan Tambahan,Mixer,2,
2.10.1,Mesin Crusher,6,2.10.1,Persiapan Antrasit,Mesin Crusher,,
2.12.1,Tanur Flame Oven,8,2.12.1,Sistem Flame Oven,Tanur Flame Oven,,
2.13.1,Timbangan Duduk,2,2.13.1,Gudang dan Penimbangan Ingot,Timbangan Duduk,,
2.13.2,Anak Timbangan,1,2.13.2,Gudang dan Penimbangan Ingot,Anak Timbangan,,
3.1.1,Incoming PLN,1,3.1.1,Sistem Kelistrikan Utama dan Daya Cadangan,Kubikel Incoming PLN,,
3.1.1,Incoming PLN 1,2,3.1.1,Sistem Kelistrikan Utama dan Daya Cadangan,Kubikel Incoming PLN,1,
3.1.1,Incoming PLN 2,2,3.1.1,Sistem Kelistrikan Utama dan Daya Cadangan,Kubikel Incoming PLN,2,
3.1.1,Kubikel 20kv,1,3.1.1,Sistem Kelistrikan Utama dan Daya Cadangan,Kubikel Incoming PLN,20kv,
3.1.1,Kubikel Incoming PLN,3,3.1.1,Sistem Kelistrikan Utama dan Daya Cadangan,Kubikel Incoming PLN,,
3.1.2,Daihatsu 1000kva,1,3.1.2,Sistem Kelistrikan Utama dan Daya Cadangan,Genset,Daihatsu 1000kva,
3.1.2,Genset,11,3.1.2,Sistem Kelistrikan Utama dan Daya Cadangan,Genset,,
3.1.2,Genset 1 HIMOINSA 300KVA,1,3.1.2,Sistem Kelistrikan Utama dan Daya Cadangan,Genset,1 Himoinsa 300kva,
3.1.2,Genset 2 CUMMINS 350KVA,1,3.1.2,Sistem Kelistrikan Utama dan Daya Cadangan,Genset,2 Cummins 350kva,
3.1.2,Genset MAN 550kva,1,3.1.2,Sistem Kelistrikan Utama dan Daya Cadangan,Genset,Man 550kva,
3.1.2,Genset Yanmar 1000kva 1,1,3.1.2,Sistem Kelistrikan Utama dan Daya Cadangan,Genset,Yanmar 1000kva 1,
3.1.2,Genset Yanmar 1000kva 2,1,3.1.2,Sistem Kelistrikan Utama dan Daya Cadangan,Genset,Yanmar 1000kva 2,
3.1.2,Genset Yanmar 1000kva 3,1,3.1.2,Sistem Kelistrikan Utama dan Daya Cadangan,Genset,Yanmar 1000kva 3,
3.1.2,Mitsubishi 125,1,3.1.2,Sistem Kelistrikan Utama dan Daya Cadangan,Genset,Mitsubishi 125,
3.1.2,Mitsubishi 240kva 1,1,3.1.2,Sistem Kelistrikan Utama dan Daya Cadangan,Genset,Mitsubishi 240kva 1,
3.1.2,Mitsubishi 240kva 2,1,3.1.2,Sistem Kelistrikan Utama dan Daya Cadangan,Genset,Mitsubishi 240kva 2,
3.1.3,Panel Kubikel dan DSI,5,3.1.3,Sistem Kelistrikan Utama dan Daya Cadangan,Panel Kubikel dan DSI,,
3.1.4,Panel Change Switch,1,3.1.4,Sistem Kelistrikan Utama dan Daya Cadangan,Panel Main Switch Board,Change,
3.1.4,Panel Main Switch Board,1,3.1.4,Sistem Kelistrikan Utama dan Daya Cadangan,Panel Main Switch Board,,
3.1.5,Panel Sinkron Genset,3,3.1.5,Sistem Kelistrikan Utama dan Daya Cadangan,Panel Sinkron Genset,,
3.1.6,Panel Kapasitor Bank,1,3.1.6,Sistem Kelistrikan Utama dan Daya Cadangan,Panel Kapasitor Bank,,
3.1.6,Panel Kapasitor Bank 1,1,3.1.6,Sistem Kelistrikan Utama dan Daya Cadangan,Panel Kapasitor Bank,1,
3.1.6,Panel Kapasitor Bank 1200kvar,1,3.1.6,Sistem Kelistrikan Utama dan Daya Cadangan,Panel Kapasitor Bank,1200kvar,
3.1.6,Panel Kapasitor Bank 2,1,3.1.6,Sistem Kelistrikan Utama dan Daya Cadangan,Panel Kapasitor Bank,2,
3.1.6,Panel Kapasitor Bank 900Kva,1,3.1.6,Sistem Kelistrikan Utama dan Daya Cadangan,Panel Kapasitor Bank,900kva,
3.1.7,Incoming Power Feeder,2,3.1.7,Sistem Kelistrikan Utama dan Daya Cadangan,Incoming Power Feeder,,
3.1.7,Panel FEEDER,1,3.1.7,Sistem Kelistrikan Utama dan Daya Cadangan,Incoming Power Feeder,Panel,
3.1.7,Panel Incoming,1,3.1.7,Sistem Kelistrikan Utama dan Daya Cadangan,Incoming Power Feeder,Panel,
3.1.8,Main Power Transformer,7,3.1.8,Sistem Kelistrikan Utama dan Daya Cadangan,Main Power Transformer,,
3.1.8,Trafo 2000kva 1,1,3.1.8,Sistem Kelistrikan Utama dan Daya Cadangan,Main Power Transformer,Trafo 2000kva 1,
3.1.8,Trafo 2000kva 2,1,3.1.8,Sistem Kelistrikan Utama dan Daya Cadangan,Main Power Transformer,Trafo 2000kva 2,
3.1.8,Trafo PS 1000KVA,1,3.1.8,Sistem Kelistrikan Utama dan Daya Cadangan,Main Power Transformer,Trafo Ps 1000kva,
3.1.8,Trafo PS 630Kva,1,3.1.8,Sistem Kelistrikan Utama dan Daya Cadangan,Main Power Transformer,Trafo Ps 630kva,
3.2.1,Compressor Portable Refining,1,3.2.1,Sistem Udara Bertekanan Pabrik,Kompresor Listrik,Compressor Portable Refining,
3.2.1,Compressor Portable Tanur 1,1,3.2.1,Sistem Udara Bertekanan Pabrik,Kompresor Listrik,Compressor Portable Tanur 1,
3.2.1,Compressor Portable Tanur 2,1,3.2.1,Sistem Udara Bertekanan Pabrik,Kompresor Listrik,Compressor Portable Tanur 2,
3.2.1,Kompresor Listrik,7,3.2.1,Sistem Udara Bertekanan Pabrik,Kompresor Listrik,,
3.2.2,Tangki Kompresor,6,3.2.2,Sistem Udara Bertekanan Pabrik,Tangki Kompresor,,
3.3.2,Mesin Milling,3,3.3.2,Mesin Perkakas,Mesin Milling,,
3.3.6,Mesin Potong,1,3.3.6,Mesin Perkakas,Mesin Potong,,
3.4.1,Pompa BBM,1,3.4.1,Sistem Bahan Bakar,Pompa BBM,,
3.4.3,Tangki BBM,14,3.4.3,Sistem Bahan Bakar,Tangki BBM,,
3.5.1,Forklift,6,3.5.1,Peralatan Pemindah Material,Forklift,,
3.5.2,Conveyour,1,3.5.2,Peralatan Pemindah Material,Conveyor,,
3.6.1,Platform kerja,2,3.6.1,Struktur Sipil,Platform kerja,,
3.7.1,Pompa Hydrant / Fire Pump,2,3.7.1,Sistem Proteksi Kebakaran,Pompa Hydrant / Fire Pump,,
3.8.2,Alat Ukur Maintenance / Peralatan Kelistrikan Workshop,1,3.8.2,Perkakas dan Alat Ukur Workshop,Alat Ukur Maintenance / Peralatan Kelistrikan Workshop,,
4.1.3,Pelletizer,5,4.1.3,"Sistem Penerimaan, Penyimpanan, dan Pelletizing",Pelletizer,,
4.2.2,Burner – Rotary Kiln,1,4.2.2,Rotary Kiln,Burner – Rotary Kiln,,
4.3.1,F.O Portable,1,4.3.1,Sistem Flame Oven,Tanur Flame Oven,f.o Portable,
4.3.1,F.O Portable 1,1,4.3.1,Sistem Flame Oven,Tanur Flame Oven,f.o Portable 1,
4.3.1,F.O Portable 2,2,4.3.1,Sistem Flame Oven,Tanur Flame Oven,f.o Portable 2,
4.3.1,F.O Portable Crytalizer,1,4.3.1,Sistem Flame Oven,Tanur Flame Oven,f.o Portable Crystallizer,
4.3.1,F.O Portable Refining,1,4.3.1,Sistem Flame Oven,Tanur Flame Oven,f.o Portable Refining,
4.3.1,F.O Portable Tanur,1,4.3.1,Sistem Flame Oven,Tanur Flame Oven,f.o Portable,
4.4.1,Seattle Bawah Tanur,3,4.4.1,Sistem Penanganan Gas Buang dan Debu,Seattle Bawah Tanur,,
4.4.3,Dust Collector,4,4.4.3,Sistem Penanganan Gas Buang dan Debu,Dust Collector,,
4.5.1,Panel Electrical,1,4.5.1,"Sistem Kelistrikan, Kontrol, Instrumentasi, dan Interlock",Panel Electrical,,
5.1.4,Timbangan Laboratorium,1,5.1.4,Lab. Analisis,Timbangan Laboratorium,,
7.1.1,Skin Cooler - DCS Tanur Reverb,2,7.1.1,Gas Handling Tanur Reverb,Skin Cooler - DCS Tanur Reverb,,
7.1.2,Bag Filter - DCS Tanur Reverb,2,7.1.2,Gas Handling Tanur Reverb,Bag Filter - DCS Tanur Reverb,,
7.1.3,ID Fan - DCS Tanur Reverb,2,7.1.3,Gas Handling Tanur Reverb,ID Fan - DCS Tanur Reverb,,
7.1.4,Cerobong - DCS Tanur Reverb,2,7.1.4,Gas Handling Tanur Reverb,Cerobong - DCS Tanur Reverb,,
8.1.2,Distribution Board,1,8.1.2,Kompressor,Distribution Board,,
9.1.1,Water,1,9.1.1,Peralatan Penunjang (Registrasi Lapangan),Water / Hydrant,,
9.1.2,Cooling Water Circulation,1,9.1.2,Peralatan Penunjang (Registrasi Lapangan),Water Circulation,Cooling,
9.1.2,Ruang Panel,1,9.1.2,Peralatan Penunjang (Registrasi Lapangan),Water Circulation,Ruang Panel,
9.1.2,Water Circulation,4,9.1.2,Peralatan Penunjang (Registrasi Lapangan),Water Circulation,,
9.1.3,Trafo Step Up 20kv,2,9.1.3,Peralatan Penunjang (Registrasi Lapangan),Trafo Step Up 20 kV,20kv,
9.1.4,Pneumatic,1,9.1.4,Peralatan Penunjang (Registrasi Lapangan),Pneumatic System,,
9.1.5,Pneumatic,1,9.1.4,Peralatan Penunjang (Registrasi Lapangan),Pneumatic System,Pneumatic,merged from 9.1.5
9.1.6,Motor Screw Hopper Elektroda Tanur,5,9.1.6,Peralatan Penunjang (Registrasi Lapangan),Motor Screw Hopper Elektroda Tanur,,
9.1.7,Motor Pump,1,9.1.7,Peralatan Penunjang (Registrasi Lapangan),Motor Pump Hydrant,,
9.1.8,Motor Gearbox,1,9.1.8,Peralatan Penunjang (Registrasi Lapangan),Motor Gearbox,,
9.1.9,Ruang Trafo,1,9.1.9,Peralatan Penunjang (Registrasi Lapangan),Ruang Trafo,,
9.1.10,Diesel Pump,4,9.1.10,Peralatan Penunjang (Registrasi Lapangan),Diesel Pump,,
9.1.11,Gudang Kapur,1,9.1.11,Peralatan Penunjang (Registrasi Lapangan),Gudang Kapur,,
9.1.13,Gudang LB3,1,9.1.13,Peralatan Penunjang (Registrasi Lapangan),Gudang LB3,,
9.2.1,ID Fan,21,9.2.1,"Sistem Gas Handling, Ventilasi, dan Dust Collection",ID Fan,,
9.2.2,ID Fan Tanur,5,9.2.1,"Sistem Gas Handling, Ventilasi, dan Dust Collection",ID Fan,ID Fan Tanur,merged from 9.2.2
9.2.2,ID Fan Tanur A,4,9.2.1,"Sistem Gas Handling, Ventilasi, dan Dust Collection",ID Fan,ID Fan Tanur A,merged from 9.2.2
9.2.2,ID Fan Tanur B,3,9.2.1,"Sistem Gas Handling, Ventilasi, dan Dust Collection",ID Fan,ID Fan Tanur B,merged from 9.2.2
9.2.2,ID Fan Tanur C,1,9.2.1,"Sistem Gas Handling, Ventilasi, dan Dust Collection",ID Fan,ID Fan Tanur C,merged from 9.2.2
9.2.3,Exhaust Fan,34,9.2.3,"Sistem Gas Handling, Ventilasi, dan Dust Collection",Exhaust Fan,,
9.2.4,Exhaust Fan,8,9.2.3,"Sistem Gas Handling, Ventilasi, dan Dust Collection",Exhaust Fan,,merged from 9.2.4
9.2.3,Exhaust Fan Tanur A,1,9.2.3,"Sistem Gas Handling, Ventilasi, dan Dust Collection",Exhaust Fan,Tanur A,
9.2.3,Exhaust Fan Tanur B,1,9.2.3,"Sistem Gas Handling, Ventilasi, dan Dust Collection",Exhaust Fan,Tanur B,
9.3.1,Jockey Pump,1,9.3.1,Kompresor dan Hydrant,Jockey Pump,,
9.3.2,Mesin Compressor Sullair,2,9.3.2,Kompresor dan Hydrant,Mesin Compressor Sullair,,
9.4.1,Water Instalasi,2,9.4.1,Cooling System,Water Instalasi,,
9.9.1,Panel Furnace,2,9.9.1,Panel Furnace Tegangan Rendah,Panel Furnace Tegangan Rendah,,
11.1.1,Area Genset/Trafo,1,11.1.1,Bangunan,Pos Jaga / Area Genset,Trafo,
11.1.1,Pos Jaga,3,11.1.1,Bangunan,Pos Jaga / Area Genset,,
11.1.2,Area Peleburan/Tanur,1,11.1.2,Bangunan,Area Peleburan / Tanur,,
12.1.1,Blower Vacuum,1,12.1.1,Bangunan,Blower Vacuum,,
12.1.2,Bangunan Crusher,1,12.1.2,Bangunan,Bangunan Crusher,,
12.1.3,"Gedung Antrasit, Workshop, dan Gudang Pasir",2,12.1.3,Bangunan,"Gedung Antrasit, Workshop, dan Gudang Pasir",,
9.1.12,Area Bahanbakar,1,12.1.4,Bangunan,Area Bahan Bakar / Gedung HTS MS,Area Bahanbakar,merged from 9.1.12
12.1.4,Area Bahanbakar,1,12.1.4,Bangunan,Area Bahan Bakar / Gedung HTS MS,Bahanbakar,
12.1.4,Gedung HTS MS,1,12.1.4,Bangunan,Area Bahan Bakar / Gedung HTS MS,,
12.1.5,Gedung Komposisi,1,12.1.5,Bangunan,Gedung Komposisi,,
12.1.6,Gedung Musholla,1,12.1.6,Bangunan,Gedung Musholla,,
12.1.7,Gedung Office,2,12.1.7,Bangunan,Gedung Office,,
12.1.7,Office,3,12.1.7,Bangunan,Gedung Office,,
12.1.8,Gedung Rotary Kiln & Flame Oven,1,12.1.8,Bangunan,Gedung Rotary Kiln & Flame Oven,,
12.1.8,Gedung Rotarykiln,1,12.1.8,Bangunan,Gedung Rotary Kiln & Flame Oven,Rotarykiln,
12.1.9,Gedung Timbangan,1,12.1.9,Bangunan,Gedung Timbangan,,
12.1.10,Gudang Pasir,4,12.1.10,Bangunan,Gudang Pasir,,
12.1.11,Gudang,1,12.1.11,Bangunan,Gudang Sparepart,,
12.1.11,Gudang Balok,2,12.1.11,Bangunan,Gudang Sparepart,Balok,
12.1.11,Gudang Sparepart,2,12.1.11,Bangunan,Gudang Sparepart,,
12.1.12,Laboratorium,2,12.1.12,Bangunan,Laboratorium,,
12.1.13,Gedung Pengolahan,1,12.1.13,Bangunan,Gedung Produksi,Pengolahan,
12.1.13,Gedung Produksi,1,12.1.13,Bangunan,Gedung Produksi,,
12.1.13,Gedung Produksi 1,1,12.1.13,Bangunan,Gedung Produksi,1,
12.1.13,Gedung Produksi 2,1,12.1.13,Bangunan,Gedung Produksi,2,
12.1.13,Gedung Produksi Refining,2,12.1.13,Bangunan,Gedung Produksi,Refining,
12.1.13,Gedung Produksi Tanur,2,12.1.13,Bangunan,Gedung Produksi,Tanur,
9.1.8,Gedung Crytalizer,1,12.1.14,Bangunan,Gedung Crystallizer,,merged from 9.1.8
12.1.14,Gedung Crytalizer,1,12.1.14,Bangunan,Gedung Crystallizer,,
12.1.14,Gedung Genset,2,12.1.14,Bangunan,Gedung Crystallizer,Genset,
12.1.15,Gedung Ruang Pompa,1,12.1.15,Bangunan,Gedung Ruang Pompa,,
13.1.1,Workshop,3,13.1.1,Bangunan,Workshop Teknik,,
13.1.1,Workshop Teknik,1,13.1.1,Bangunan,Workshop Teknik,,
13.1.2,Rumah Parkir Alat Berat,1,13.1.2,Bangunan,Rumah Parkir Alat Berat,,
13.1.3,Workshop Tanur Listrik,1,13.1.3,Bangunan,Workshop Tanur Listrik,,
13.1.4,Rumah Kompressor,1,13.1.4,Bangunan,Rumah Kompresor,Kompressor,
13.1.5,Rumah Cooling System,1,13.1.5,Bangunan,Rumah Cooling System,,
13.1.6,Workshop Listrik,1,13.1.6,Bangunan,Workshop Listrik,,
13.1.8,Rumah Baghouse,3,13.1.8,Bangunan,Rumah Baghouse,,
14.1.1,Rumah Mainflue,5,14.1.1,Bangunan,Rumah Mainflue,,
14.1.2,Struktur Fixed Tanur,8,14.1.2,Bangunan,Struktur Fixed Tanur,,
14.1.3,Struktur Fixed Pemurnian,2,14.1.3,Bangunan,Struktur Fixed Pemurnian,,
14.1.4,Gedung Refining,1,14.1.4,Bangunan,Gedung Refining,,
16.1.1,Panel Battrey,2,16.1.1,Genset dan Power House,Panel Battery,,
